id;titulo;FK_AUTOR;FK_EDITORIAL;a¤o;stock
632771;El amor en los tiempos del cólera;1;83;1996;2
711789;El amor inteligente;2;67;1999;1
125241;Amor y sexualidad después de los 40;3;57;2011;1
198410;El anatomista;4;67;2012;1
211187;Los anillos de la memoria;5;86;1990;6
291164;Anthony Hopkins;6;29;2006;4
326976;Antigua vida mía;7;4;1993;5
142480;Antología;8;38;2000;1
695461;Antología autobiográfica;9;51;1992;0
328502;Antologia cuarta;10;52;2004;7
980232;Antología de Cuentos de terror II;11;5;2012;7
988269;Antología de la literatura fantástica;11;83;2010;4
266759;Antología del Cuento chileno;11;88;2008;7
521188;Antología del Cuento fantástico hispanoamericano;11;88;2010;6
675379;Antología del Cuento moderno;11;88;2002;1
950105;Antología fundamental;12;66;2005;10
421487;Antología poética;13;38;1999;3
373070;Antología poética;14;75;2004;8
815290;Anton quiere ser dragón;15;74;2006;5
642720;El año de la muerte de Ricardo Reis;16;4;2003;3
288171;Apuntes para el fin de siglo;17;52;2002;8
433327;La Araucana;18;88;1996;3
638878;El árbol del conocimiento;19;88;1999;2
215028;Ardiente paciencia;20;83;1992;2
685005;Armonía rota;21;44;1990;1
235628;Aromaterapia y masaje;22;90;2004;4
796057;El arpa y la sombra;23;40;1992;2
710287;Las armas secretas;24;83;2002;4
48415;Arráncame la vida;25;4;2000;10
5927;Artistas, locos y criminales;26;83;1990;5
410484;Los asesinatos de la calle Morgue;27;10;1996;10
677881;Así es la vida Carlota;28;74;1999;3
394444;Asterix 1 (El Galo);29;44;2013;9
284854;Asterix 2 (Y los Godos);29;44;2013;2
424816;Asterix 3 (Hoz de Oro);29;44;2010;2
575215;Asterix 4 (Gladiador);29;44;1993;7
763039;Asterix 5 (En los juegos Olímpicos);29;44;2003;9
227452;Asterix 6 (La vuelta a la Galia);29;44;2011;10
176909;Asterix 7 (y Cleopatra);29;44;2006;10
976454;Asterix 8 (Y los Normandos);29;44;2012;3
52839;Asterix 9 (Legionario);29;44;1997;3
404426;Asterix 10 (Combate de los Jefes);29;44;2009;3
955956;Asterix 11 (Escudo Arverno);29;44;1999;2
92467;Asterix 12 (En Bretaña);29;44;2010;1
208179;Asterix 13 (Y el Caldero);29;44;2012;0
557283;Asterix 15 (Cizaña);29;44;1993;10
399016;Asterix 16 (En Helvecia);29;44;2013;5
94948;Asterix 17 (Residencia de los Dioses);29;44;1995;0
319207;Asterix 18 (Los laureles del Cesar);29;44;1997;0
43953;Asterix 19 (Adivino);29;44;1995;0
127470;Asterix 20 (En Córcega);29;44;2007;9
362906;Asterix 21 (Regalo del César);29;44;2006;6
286192;Asterix 22 (Gran Travesía);29;44;2011;8
628239;Asterix 23 (Obelix y Compañía);29;44;2004;0
948581;Asterix 24 (en Bélgica);29;44;1993;10
280692;Asterix 25 (Gran Zanja);29;44;1990;8
795761;Asterix 26 (Odisea de Asterix);29;44;2012;4
257182;Asterix 27 (Hijo de Asterix);29;44;1995;6
613435;Asterix 28 (En la India);29;44;2012;7
651475;Asterix 29 (La Rosa y la Espada);29;44;2006;4
646074;Atlántida;30;43;2007;3
848381;Atlas de los animales;11;74;2011;0
10743;Aura;31;36;2012;7
951289;Las aventuras de Tom Sawyer;32;10;2011;6
62063;Las aventuras de Vania;33;74;2012;2
779136;El avión;34;74;2000;5
846497;Ay Mama Inés;35;10;1998;8
771099;Ayer;36;51;1999;8
360828;La azucarera;37;3;2008;4
755398;Bajo el volcán;38;86;1999;2
969488;Bajo la tierra;34;74;1990;7
174669;Balneario;39;67;2001;8
608478;El barco;34;74;2006;6
243376;El bebedor de cerveza;40;16;2008;3
743195;La bella y las bestias;41;67;2010;5
566000;Ben-Hur;42;10;2004;8
166561;Benito Cereno;43;5;2008;5
227607;Besos;44;74;1992;6
346950;La bestia en casa;45;4;1996;3
433074;Billy y el vestido rosa;46;4;2006;3
998721;Bisa bea, Bisa del;47;40;1998;10
434586;Bola de sebo y otros Cuentos;48;88;2003;9
211695;Boleros en La Habana;49;67;1997;7
500475;Boquitas pintadas;50;76;1998;1
903422;Borges, una biografía;51;40;2013;0
725674;La borra del café;52;9;2006;0
127917;Breve antología de cuentos;11;83;2008;6
364682;La broma;53;86;1994;9
268170;La bruja Mon;54;74;2012;10
537725;Bruno el rezongon;55;40;2004;4
55115;El caballero de la armadura oxidada;56;65;2004;2
561415;Caballo de Troya I (1);57;67;1997;6
161309;Caballo de Troya II (2);57;67;1990;1
550124;Caballo de Troya III (3);57;67;1991;2
973282;Caballo de Troya IV (4);57;67;1990;5
277985;Caballo de Troya V (5);57;67;2009;4
418919;El caballo y su niño;58;10;2008;6
159809;La cabaña del tío Tom;59;10;2010;9
771219;Cacao;60;5;1990;8
593005;Cada tigre en su jungla;61;74;1997;4
222612;Cae la noche tropical;50;76;1992;7
864252;Café nostalgia;62;76;2002;7
236846;El caldero mágico;63;74;2008;1
983035;Cambios;64;40;1998;6
410549;Camila;65;4;1990;0
327945;Camille y los girasoles;66;78;2010;4
807728;Camilón, comilón;47;74;1992;8
338838;Camino a Selma ;67;25;2010;10
331418;La camiseta de Max;68;74;1998;4
846062;Canalla, traidor, morirás;69;74;2001;3
273797;Canción de Navidad;70;88;2009;0
105547;Canciones del mas acá;52;76;2002;6
304356;Cantando con Mazapán;71;88;2010;5
625093;Canto a su amor desaparecido;72;88;2006;9
867044;Canto general I y II;12;67;1998;8
779293;Canto y cuento;73;74;2003;7
176220;La capa de ozono;74;74;2002;4
873073;El capitán Tormenta;75;10;1996;9
482900;Capitanes de la arena;60;5;1998;5
296325;El capricho de los dioses;76;34;1993;3
340620;Carlota descubre a los impresionistas;77;78;1996;8
219756;Cartas a Theo;78;49;1990;9
647427;Cartas para Tomás;79;67;2009;2
897497;La casa;34;74;2009;10
151934;Casa de campo;80;76;2001;5
270201;La casa de los espíritus;81;83;1996;6
473088;Casa grande;82;10;2013;6
102409;La casa negra;83;5;1999;7
388829;La casa verde;84;76;2011;6
733819;Casas en el agua;85;51;1993;7
288398;Casi un objeto;16;4;2012;0
175153;El caso de Charles Dexter Ward;86;5;2005;2
644235;La casta de los Metabarones ;87;25;2013;9
572232;Catedral;88;7;2009;8
238534;La caza del gran tesoro;89;46;2005;1
852901;El cazador de Cuentos;90;10;1997;6
534179;La cazadora de Indiana Jones;91;74;2002;4
148756;La celestina;92;88;2009;6
897066;Cementerio de animales;93;34;2003;2
727180;La cenicienta en San Francisco;20;10;1998;3
214651;El cepillo de dientes;94;88;1993;7
552748;Chagall;95;84;2013;3
51337;Charcos en el camino;96;74;1993;3
349546;La chica del Crillon;97;88;1992;6
31443;Las chicas buenas se van al cielo y las malas a …;98;44;1990;4
40690;Chile actual : anatomia de un mito;99;52;2009;0
67455;Chile o una loca geografía;100;88;1998;0
894781;Chile perplejo;101;67;2002;1
62801;Las chilenas de la colonia;102;51;1990;8
67352;El chofer que no era;103;10;1996;7
356974;Cien años de soledad;104;83;1998;1
898296;Cien pajaros volando;45;67;1997;0
510079;Cinco días de Agosto;105;74;1996;1
707051;Cinco panes de cebada;106;74;1993;7
144662;Cinco pepitas de naranja;107;10;2005;4
804947;Cine chileno 20 años;108;59;2002;10
536683;El cine norteamericano en 120 películas;109;5;1998;4
301654;El circo de Cirilo;110;10;2011;8
177430;Cisnes salvajes;111;19;2006;6
271357;Cita con la muerte;112;67;2005;5
492028;La ciudad anterior;113;67;2005;1
749479;La ciudad de la alegría;114;76;2011;3
371506;La ciudad y los perros;84;76;2008;3
176798;Las ciudades invisibles;115;60;2011;1
336537;Claude Monet;116;84;2000;4
29511;Claves de la historia del cine;117;72;1992;4
505040;Cobro revertido;118;67;2013;4
70288;La cocina erótica del Conde de Lafourchette;119;52;1999;5
394147;El cocodrilo pintor;120;74;2001;0
634662;Cofradía blindada;121;67;2000;3
135178;Colmillo blanco;122;10;1994;7
113704;El color;34;74;1990;4
94010;Los colores de Maisy;123;78;1996;3
589128;Colorin colorado, ovulito fecundado;90;88;2008;3
296254;Coma;124;34;1992;4
542351;La comedia del arte;39;67;2005;0
906051;La comezon de ser mujer;125;67;1993;4
653755;Comienza la aventura;63;74;2005;9
30418;Como agua para chocolate;126;61;2013;5
624910;Como brilla el mar;63;74;2006;6
842812;Como escuchar la música;127;40;1991;7
71072;Como funcionan los perros;128;29;2005;1
187213;Como hacer el amor con la misma persona......;129;89;1993;2
493751;Como se hace una película;130;74;1999;10
850140;Como ser mujer y no morir en el intento;131;85;1996;5
304214;Como ser padres hoy;132;57;2009;6
434785;Como sobrevivir en Chile despues de los 30;133;2;2001;2
868064;Como un salto de campana;134;4;2001;8
687379;El concierto de rock;135;74;1993;8
604854;La condición humana;136;10;1997;1
24750;Confesiones de un vampiro;137;28;2000;1
303206;Confieso que he vivido;12;67;1998;10
917572;Conjeturas sobre la memoria de mi tribu;138;4;2005;5
355579;Conociendo a Gabriela Mistral;139;74;2013;2
625739;El conocimiento silencioso;140;34;1991;0
257363;Constancia y otras novelas para vírgenes;31;40;2010;5
642798;El consumo me consume;141;51;2000;10
396714;Contra la muerte;142;88;2000;9
8887;Contrapartes;143;35;2011;9
904017;Conversaciones en la catedral;84;76;1992;2
340244;El corazón a contraluz;144;34;1992;2
775843;El corazón de las tinieblas;145;5;2000;1
477445;Corazones rojos;146;44;1996;10
905176;El correo de Bagdad;147;67;2002;4
55284;Correr tras el viento;148;67;1998;8
663307;Cosecha roja;149;5;2011;8
772234;Crazy Cock;150;34;2001;5
775840;Crimen y castigo;151;82;1997;9
62393;Cristóbal Nonato;31;40;2010;9
932393;Crónica de una muerte anunciada;1;83;1996;1
8065;Crónicas marcianas;152;60;1996;6
487188;Cruzada en jeans;153;74;2005;2
886941;Los cuadernos de don Rigoberto;154;4;1999;5
912027;Cuando los gigantes aman;155;40;2000;1
608825;Cuando los políticos eran inteligentes;119;67;2002;5
298763;Cuando papá y mamá ya no viven juntos;156;62;2006;10
624111;Cuando Tina berrea;157;74;2002;2
844275;Cuando ya no importe;158;4;1996;1
559479;El cuarto del bebé;159;74;2009;7
851507;Cuartos oscuros;160;74;1999;2
578327;Los cuatro amores;58;88;1999;9
961977;Las cuatro estaciones I y II;161;10;2008;0
678076;Cucho;130;74;2003;4
785945;Los cucos de Midwich;162;1;1992;7
122937;Cuenta con Maisy;123;78;2004;6
981372;Cuentamundo;163;88;2002;8
181032;Cuento aparte;164;67;1996;5
939683;El Cuento hispanoamericano;165;88;2003;5
808331;Cuentos;80;76;2009;2
892295;Cuentos;166;5;2009;3
235401;Cuentos araucanos;167;10;2002;1
856663;Cuentos chilenos;11;10;1993;3
14923;Cuentos clásicos juveniles;11;4;1999;0
613697;Cuentos completos;168;4;1999;0
525338;Cuentos completos;158;4;2002;0
852788;Cuentos completos 1964-1974;168;5;1991;3
493183;Cuentos con maravilla;161;10;2008;6
243402;Cuentos con walkman;11;67;1991;10
505049;Cuentos de Eva Luna;81;83;2000;7
9791;Cuentos de fútbol;11;4;2009;7
557734;Cuentos de la Alhambra;169;5;2010;0
731927;Cuentos de la selva;170;10;1996;7
952445;Cuentos de los años felices;26;83;2001;1
864741;Cuentos de los reinos inquietos;171;10;1992;10
9109;Cuentos de perros, gatos y canarios;161;88;2012;4
64868;Cuentos de príncipes, garzas y manzanas;11;74;1996;4
332835;Cuentos de terror;11;10;2010;2
376081;Cuentos de tesoros y monedas de oro;167;74;2007;1
454148;Cuentos I;27;5;2005;2
421816;Cuentos inconclusos de Númenor;172;60;2006;8
20784;Cuentos para leer sin rimmel;173;64;2007;1
310376;El cuerpo humano;174;74;2005;3
187952;Cuerpos prohibidos;175;67;2013;0
772159;Cuestión de astronomía;176;61;1993;2
150794;La cultura huachaca;177;63;2008;6
5001;El cumpleaños de Juan Angel;52;4;1998;8
548473;El cura de la camioneta verde;178;44;2006;9
307462;La curación por las flores;179;24;2010;4
711164;Curarse en salud;180;70;1994;1
550595;Dali;181;84;1995;4
12715;El daño;182;4;2002;8
772825;De amor y de sombra;81;83;1996;9
616425;Los de abajo;183;88;2007;7
669294;De cómo Stella recobró la marcha;184;7;2008;4
516406;De día y de noche;167;10;1997;2
241874;De la tierra a la luna;185;10;1993;4
835656;De norte a sur con Mazapán;71;88;2012;1
192735;De perlas y cicatrices;186;51;2013;4
928049;Degas;187;84;1998;8
774912;Degas;187;84;2010;10
11112;Del aire al aire;94;88;1995;4
137270;Del amor y otros demonios;104;83;2010;9
87878;Delgado niño Neftalí;188;81;2002;5
298415;Demian;189;5;1998;0
920292;Los derechos del niño;11;87;1992;3
815899;Desencuentros;190;86;2009;5
90990;Deshoras;24;83;2004;9
894441;Desolación;163;10;2005;4
269503;La despedida;53;86;1993;4
488719;Despistes y franquezas;52;4;1999;7
785080;El diablo de los números;191;80;2012;8
555459;El diablo en la botella y otros cuentos;192;5;2005;0
239022;Diario de muerte;193;88;1995;4
84976;Diario de un killer sentimental;190;86;2010;5
231356;Días y noches de amor y de guerra;17;5;2001;3
826867;Diccionario de directores de cine;109;83;2006;9
216881;Diez años con Mafalda;194;30;2009;1
981909;Diez Cuentos de lobos;195;74;2000;1
635849;El dinamitero;192;5;2001;0
899469;El dinosaurio;34;74;2012;8
939420;Dinosaurios y otros animales prehistóricos;196;50;2011;0
53301;Disco duro;11;67;1997;10
958571;Doce Cuentos peregrinos;104;83;2003;4
59894;Doce relatos de mujeres;197;5;2002;2
386363;El documento R;198;44;2003;0
79798;Los dominios perdidos;199;40;2008;9
90515;Don Juan Tenorio;200;88;2002;5
372180;Don Quijote de la Mancha I y II;201;88;2001;9
851571;Doña Barbara;202;10;1994;10
130461;Doña Flor y sus dos maridos;60;54;1996;6
857962;Donde el corazón te lleve ;203;14;2002;4
829237;Donde esta Wally ?;204;29;1998;9
338299;Dónde está Wally ? en Hollywood;204;25;2003;2
779990;Donde esta Wally ahora ?;204;29;1993;6
148129;Donde van a morir los elefantes;80;4;2007;1
453410;Donde vuelan los cóndores;205;10;1993;10
409569;Los dos Borges;206;15;2005;0
157814;Dracula;207;8;1997;1
48500;Drácula (el cómix);208;25;1992;5
61840;El duende pinpon;209;10;1991;1
946852;Dune;210;68;2012;7
624918;La edad de oro;211;44;1991;9
501480;La edad del pavo;212;88;1998;1
61389;Edades de oro del teatro;213;40;2008;3
876852;Edipo rey;214;88;2005;9
534498;El efecto invernadero;74;74;2000;7
571911;El Bosco;215;84;2012;1
783604;En el camino;216;7;2005;10
36705;En el país de los Incas;217;74;1997;7
372539;En la cripta;86;5;2011;5
114269;En las montañas de la locura;218;76;2004;1
586460;En voz baja;219;51;2005;2
722540;Los enanos de Mantua;220;74;2000;7
216697;Enciclopedia mega chiquitín;11;50;1990;0
787802;Enciclopedia mega naturaleza y ecología;11;50;2000;7
541419;La encrucijada;221;74;2003;2
549563;Las enseñanzas de Don Juan;140;40;2010;4
759623;Entre gallos y conejos;171;10;1995;0
306149;Entrevista con el vampiro;137;28;2004;3
71387;Envejecer es vivir;222;70;2007;9
490209;Es tu tierra, cuídala;223;45;2009;3
478878;Los escarabajos vuelan al atardecer;224;74;2004;7
511868;El escritor y sus fantasmas;225;76;1992;1
815541;Ese dulce mal;83;5;2008;10
378924;La esfera media del aire;226;4;2003;5
155183;El espejo roto;112;67;2007;7
618052;El estanque de fuego;227;4;1995;3
415613;Este domingo;80;10;2012;7
488459;Estudio en escarlata;107;5;2002;10
959180;Eugenia Grandet;228;88;1991;4
941249;Eva Luna;81;83;2010;8
515408;El evangelio según Jesucristo;16;4;2002;1
685921;Los evangelios para sanar;87;23;2010;7
917353;La expedición de los vikingos;229;74;2005;4
551871;La extracción de la piedra de locura;230;91;1991;3
457118;El extranjero;231;5;1994;6
136072;Extraño testamento;76;34;2003;10
947019;El fabricante de lluvia;232;74;1992;8
942748;Fábulas y leyendas americanas;233;10;1995;6
222245;El factor Matusalem;234;1;1998;1
5832;Factótum;235;7;2003;3
171218;El fantasma de palacio;236;74;2011;3
78580;Fantasmas de carne y hueso;237;83;2004;6
243546;Fantasmas de día;106;74;1993;9
735171;Los fantasmas del amor;238;83;2001;7
949679;Farenheit 451;152;60;2012;3
233261;Fatamorgana de amor con banda de música;239;67;2004;5
332170;Federico se hizo pis;240;83;2001;7
500111;Fernando el magnifico;241;74;1993;5
860617;Ficcionario;242;40;1996;2
230171;El fin de la tercera edad;172;60;2010;2
810046;La flaca y el gordo;130;74;2003;5
459255;La flor;34;74;2003;6
196761;Folklor chileno;243;44;2001;3
220929;Frankenstein;244;8;2004;10
140749;Frankenstein (el cómix);244;25;1995;10
532017;Fray Andrés, otra vez;134;74;2007;9
102270;Fray Perico en la guerra;245;74;2012;10
475320;Fray Perico y su borrico;246;74;2000;8
648998;Frida Kahlo;247;27;1993;8
536306;La frontera invisible;248;74;1993;8
832441;El fuego de cada día;249;67;2011;6
706791;El fuego interior;140;34;1996;0
837264;Fuenteovejuna;250;88;2012;7
953379;Fundación;251;4;2011;2
413297;Fundación e imperio;251;4;1999;10
365729;Fundación y tierra;251;4;2000;6
586009;La fuerza de la experiencia;252;70;2011;1
912820;La fuerza de Sheccid;253;21;2004;9
295133;Los funerales de la mama grande;104;83;1992;1
689284;Gabriela;60;5;2002;6
436280;Gabriela Mistral;206;15;2004;1
310350;El gato con botas;254;88;1990;4
680338;El gato Mog;255;74;1990;3
281911;Gauguin;256;84;2006;7
807131;Los gemidos;257;51;1995;4
113948;Generación X;258;25;1993;9
608228;El general en su laberinto;104;83;2010;9
312130;Génesis de una leyenda africana;259;68;1997;5
505397;Gente al acecho;45;67;2005;10
408920;La gesta del marrano;260;67;2001;0
719056;El gigante egoísta;261;10;2010;8
10108;Glosario chileno del amor;262;67;2008;6
773405;Golfo de Penas;263;67;2001;7
229994;Golondrina de invierno;264;10;2009;4
276329;Gracias por el fuego;52;36;2010;6
889500;El gran desastre;265;45;1998;3
346563;El gran Gatsby;266;10;2012;2
946469;El gran gigante bonachon;267;4;2005;6
378660;Gran lobo salvaje;268;74;1990;1
141452;Grandes éxitos;175;67;1997;7
117602;Grigri hace una tarta;269;74;1991;7
548206;Gringo viejo;31;40;2004;4
398817;El grito del amor;270;51;2004;8
582298;El guanaco blanco;263;51;1999;10
514275;El guardián entre el centeno;271;5;1998;4
928440;La guerra de los mundos;272;10;2004;1
949716;La guerra de Troya;273;47;2009;9
996278;La guerra del fin del mundo;84;76;1999;2
478090;La guerra y la paz;274;67;2005;2
138081;La guerrilla literaria;275;15;2013;5
123304;Guillermo el líder;276;10;1990;0
79667;El gusto literario;277;41;2010;3
283173;Habla mi viejo;278;74;1994;3
494315;El hablador;84;76;1997;0
221663;La hacedora de claros;171;88;2002;0
951502;Las hadas y otros Cuentos;254;88;2013;10
128534;El halcón maltés;149;5;2007;6
65669;Hamlet;279;88;2005;8
341893;Hasta el domingo;280;62;1995;6
331948;Hasta no verte Jesús mío;281;5;2009;10
466947;Hay un ratón en la casa;282;41;1990;2
294715;Henri Toulouse-Lautrec;283;84;2001;2
602790;Henry Miller, su mujer y yo;284;34;2009;7
328737;Los hermanos Karamazov I y II;151;10;2011;6
549229;Hernan Cortes;285;40;2010;7
439833;El higo mas dulce;286;40;1990;6
48851;Hija de la fortuna;81;83;2000;9
728220;La hija del caníbal;287;37;2008;5
900715;La hija del espantapájaros;224;74;1995;6
768435;Hijo de mi;288;53;2006;10
841035;Los hijos de Pinochet;289;67;1992;4
450958;Himno del angel parado en una pata;290;67;1995;2
659905;Hipersuper Jezabel;291;74;1991;5
520083;Hiroshima mon amour;292;76;2002;5
526508;Historia de Chile;11;88;2005;4
951514;Historia de cronopios y famas;24;4;2002;3
194312;La historia de Ernesto;293;74;2011;9
61474;La historia de Lassie;294;10;1992;5
327103;Historia de la literatura chilena I,II;295;88;2009;5
859881;La historia de María Griselda;296;10;1990;1
95565;Historia de la sexualidad 1,2,3;297;79;2000;0
988457;Historia de Mayta;84;76;1992;1
309649;Historia de una absolución familiar;298;67;2010;9
204395;Historia de una gaviota y del gato que le enseñó a volar;190;86;1995;8
11801;Historia del ferrocarril;299;66;2000;7
307186;Historia del ojo;300;86;2002;6
302347;La historia del señor Sommer;301;76;2013;1
7498;Historia del tiempo;302;5;1990;2
942184;La historia interminable;303;4;1993;5
979905;La historia oculta del regimen militar;304;44;1999;1
948299;Historia personal del boom;80;10;2002;4
809109;Historia personal del miedo;305;67;1998;8
483542;Historias de ninguno;54;74;2004;4
663399;El hobbit;172;60;1999;10
874644;Hollywood;235;7;2005;5
195838;Hombre de la esquina rosada;242;10;2006;1
717385;El hombre golondrina;49;67;2008;5
494368;El hombre light;2;85;2011;8
537159;El hombre que perdio su imagen;306;8;2000;10
672025;El hombre que ya no tenía nada que hacer;307;74;1991;2
388103;El hombre sentado en el pasillo;292;86;2013;9
460393;Los hombres son de Marte, las mujeres son de Venus;308;14;2006;1
42948;Hombres obscuros;309;51;1997;10
70908;Honrarás a tu padre;11;67;2001;6
582660;La hora final de Castro;310;90;2008;2
43001;El horror de Dunwich;218;5;2003;5
165914;Hoy recuerdo la tarde en que le vendi mi alma al diablo;311;61;1991;5
613071;El huevo;34;74;1999;7
280705;Hugo;224;74;1998;1
34295;Huidobro;206;15;2002;2
481459;Humo hacia el sur;312;51;1993;2
885337;Ideario y ruta de la emancipación chilena;313;88;1998;4
400906;La identidad;53;86;2010;6
35713;La iliada;314;10;2004;6
48863;El impostor;315;34;2000;5
663007;In/Mediaciones;249;67;2003;4
471083;Incesto;284;34;2010;0
387424;La increíble y triste historia de la Cándida Erréndira;104;83;2013;1
217878;El increíble mundo de Llanca;167;10;2007;6
646234;Las infantas;316;67;1993;7
130162;El infiltrado;45;44;2012;5
839999;El informe de Brodie;242;34;1995;0
741360;La insoportable levedad del ser;53;86;1998;1
983598;Inteligencia artificial;317;1;1992;0
604914;La inteligencia emocional;318;90;1994;1
406308;La inteligencia emocional de los niños;319;45;2004;4
696314;Introducción al PNL;320;34;1992;2
512745;Invasión;124;34;1998;0
304509;El invasor;321;67;2009;10
453735;La invención de Chile;11;88;1995;5
65690;Inventario;52;76;2004;0
658911;Inventos;322;29;2007;4
453097;Invierno en la torre;323;67;1992;0
649119;La isla del tesoro;192;10;2005;2
905420;La isla menguante;54;74;2001;0
759138;El jardín del lado;80;76;2003;9
704841;Javiera y Lobito;324;74;2001;5
119288;El jazz;325;41;1993;4
167078;Jazz;326;25;2001;3
308256;El joder y la gloria;327;67;1994;5
298587;Josefina;224;74;1991;3
545375;El joven Lennon;306;74;1993;4
109885;Juan Chorlito;328;74;1993;2
650062;Juan Salvador Gaviota;329;90;1994;3
279397;Juana Lucero;330;10;2000;8
89552;Juegos de patriotas;331;34;2003;5
711429;Juegos para viajes y días de lluvia;332;74;1999;9
257153;Julius Blom;333;74;1996;1
118811;Jumanji;286;40;2011;3
103676;Jurel tipo salmón;334;44;2006;10
556612;Juventud en éxtasis;335;21;2013;3
116878;Kahlo;336;84;1993;7
581953;Kamasutra;337;68;1990;1
805846;Karl Marx;338;40;2001;1
973800;Kike;339;74;2001;9
827849;Kilikilis y Golagolas ;340;23;1998;0
139624;Kim;341;5;1991;3
530881;Klimt;342;84;2000;8
284746;Koko y el pájaro blanco;343;74;1990;5
78036;Konfidenz;344;67;1993;1
625154;Konrad;345;4;2010;2
800217;El labio inferior;346;67;1997;10
892433;El lazarillo de Tormes;337;10;2010;9
297771;Lazos de amor;347;25;2004;10
206892;Legítima defensa;348;67;1993;10
619748;El lenguaje;349;40;1999;8
230251;El lenguaje de los animales;350;74;2005;5
807461;El león, la bruja y el ropero;58;10;2004;7
310127;Leviatan;351;7;2008;5
320454;La ley del amor;126;44;2003;2
486328;Leyendas chilenas;352;10;1996;8
621645;El libro apestoso;353;40;2012;8
460799;El libro de buen amor;354;88;1995;0
993139;El libro de la risa y el olvido;53;76;1990;8
621381;Libro de las M'Alicias;355;74;1994;6
298661;El libro de las preguntas;12;67;2007;4
23030;El libro de las virtudes;356;25;2013;9
538;El libro de las virtudes para ninos;11;28;1998;4
781934;El libro de las virtudes para niños;356;25;2008;6
687164;El libro de los abrazos;17;79;2007;2
591830;El libro de los héroes para niños;11;45;2009;2
266213;El libro de Manuel;24;83;1997;7
155752;Lima, limita, limón;11;12;2009;2
168404;Los límites de la fundación;251;4;2007;2
835515;La lista de Schindler;357;28;2011;6
172279;Literatura y cine;358;18;2012;8
576113;Lituma en Los Andes;84;67;2013;6
892430;Llamadas telefónicas;359;7;1990;6
163368;El llamado de la selva;122;10;2009;8
226620;Llampo de sangre;360;10;2009;2
988129;La llave de cristal;149;5;2012;0
578838;Las llaves del reino;361;10;2000;6
75539;Lo que más me gusta es rascarme los sobacos;235;7;1994;7
226907;El lobo estepario;189;5;2001;6
6347;El loco libro de las brujas;362;46;2013;9
131877;El loro de siete lenguas;87;23;1994;7
243204;Lolita;363;7;2008;9
872748;El lugar donde estuvo el paraiso;364;67;1990;7
804953;Lumbánico, el planeta cubico;365;74;2000;0
252763;La luna era mi tierra;366;67;2006;6
281772;La luna y seis peniques;367;10;2008;3
848584;Luz y color;174;74;2005;0
279555;La luz incompleta;368;74;2008;8
40843;Ma y pa Dracula;369;40;2001;4
216555;Machos tristes;41;67;1992;3
111780;Madame Bovary;370;10;1991;3
23698;Mágico sur;371;74;2004;7
887965;Mai;339;74;1997;2
753761;Mal de amor;372;51;2009;9
617460;Mal de amores;25;76;2006;1
489338;La mala hora;104;83;2001;0
119359;La mala memoria;175;67;1990;0
209581;Mala onda;373;67;1995;10
871191;Las malas juntas;118;67;2002;2
592984;La maldición de los Dain;149;5;1993;1
1944;Mama encuentra todo;374;88;2007;1
812154;Mamire, el último niño;188;4;2013;9
983819;Mañana los guerreros;375;51;1998;3
987577;Mano bendita;119;67;1993;6
981273;La mano izquierda de la oscuridad;376;60;2003;4
776591;Manual para caperucitas rotas;377;67;2013;9
877126;Los manuscritos de Magdala;21;44;2005;10
542476;La máquina de follar;235;7;1995;8
893311;Mar muerto;60;5;1994;10
681491;Las maravillas del cine;378;40;1990;1
948140;Marcelino Pan y Vino;379;10;1998;1
48313;Mares y costas;174;74;1993;2
378863;Marianela;380;10;1992;10
124145;Un marido para mamá;345;62;1999;10
978595;La mariposa;381;25;1993;0
341894;Mariposas encerradas en mi;173;64;2002;1
834190;Mariquilla la pela;382;74;1993;3
360449;Marte y venus en la alcoba;308;25;1992;6
480950;Marte y Venus enamorados;308;34;1990;7
714942;Marte y venus hacen las paces;308;34;2012;9
789028;Martín Fierro;383;10;2012;4
616545;Los mas inteligentes chistes de Gallegos;384;67;2013;10
506374;Matar al marido es la consigna;385;67;2012;1
713043;Matrimonio a la chilena;125;4;1992;8
488721;Mazorcas de tiempo;386;77;2012;2
70971;Me gustan los libros;64;40;2007;8
587168;Membranza;387;20;2011;10
970679;Los mejores cuentos policiales (2 v.);388;5;1992;8
179745;Memorial de la noche;144;83;2011;7
811998;Memorias;388;86;1992;9
937045;Memorias de Adriano;389;83;1994;7
86755;Mensagem - poemas esotericos;390;88;2007;9
956627;Mentira todo lo cierto;391;88;2004;3
716002;El mercader de Venecia;279;88;1994;6
937627;La mesa de la tierra;392;51;2010;7
278783;La metamorfosis y otros relatos;393;10;1993;3
571536;Mi amiga Ana Frank;394;45;2005;10
772941;Mi amigo el negro;324;88;1995;3
174622;Mi año;267;74;2003;8
502653;Mi hermana la pantera;395;74;2009;10
694171;Mi planta de naranja lima;396;33;2002;10
69463;El tío Willi Brord;397;74;2000;5
633774;Mi vida junto a Pablo Neruda;398;76;1992;0
528432;Mil soles;114;76;1990;2
189406;Mini, detective;345;74;1991;3
198150;Mirringa mirronga;399;10;2000;9
145995;Los miserables;400;67;2011;4
570209;El misterio del eunuco;401;74;2006;5
393109;El misterio del solitario;402;31;2012;3
6120;El mocho;80;4;2007;8
294350;Molinete;54;74;2010;6
786937;Momo;303;4;1992;8
347930;El mono imitamonos;403;74;2006;6
33432;El monstruoso libro de los monstruos;404;74;2009;7
305046;La montaña de luz;75;5;2012;1
116356;Montevideanos;52;76;2001;8
755079;La moral light;133;67;1998;8
146845;Morir en Berlín;405;67;2010;0
776905;Muchas vidas, muchos maestros;347;45;1994;2
137873;La muerte de Artemio Cruz;31;10;2003;8
496673;La muerte de un viajante;406;54;2001;4
138731;Muerte de una ninfómana;407;52;2003;4
731127;La muerte visita al dentista;112;67;1997;5
695180;La muerte y la doncella;344;51;1991;6
192386;La mujer de abril y otros cuentos;152;74;2009;3
600772;La mujer de goma;408;74;1993;0
68643;La mujer habitada;409;35;1998;4
214795;La mujer rota;410;48;1994;9
127388;Mujeres de ojos grandes;25;76;2008;2
709122;El mundo al revés;312;10;2001;6
566531;El mundo de Sofía;402;80;1990;1
581829;Mundo del fin del mundo;190;86;2011;4
359767;Muriendo por la dulce patria mía;411;67;1999;5
131911;Muselina Pérez Soto;412;88;2002;4
732628;El museo de cera;237;10;1996;5
346147;Nación Prozac;413;29;2004;1
615446;Nada menos que todo un hombre;414;10;2003;9
992912;El nadador;113;4;2006;9
62771;Nadie quiere jugar conmigo;415;74;1992;9
936697;Nadie sabe mas que los muertos;148;67;2013;8
537066;El naranjo;31;4;1992;3
332106;La nariz de Moritz;236;74;2008;7
148205;La nave de los locos;416;76;2010;3
86404;Navidad en familia;417;40;1999;8
141846;Neruda;206;15;2009;3
984521;Neruda total;418;6;2007;6
94649;Niebla;414;88;2003;0
181793;El niño que se fue en un árbol;171;10;2004;6
660647;El niño y el río;419;40;2003;6
828133;Niños del domingo;420;86;1990;1
562214;No habrá mas penas ni olvidos;26;83;1998;3
497079;Noche de viernes;306;4;2004;5
695471;Noches de estreno;421;67;1998;9
791803;Las noches salvajes;422;86;2005;5
28905;Nombre de torero;423;86;1999;10
109511;El nombre de la rosa;424;55;2003;2
581390;Norte grande;425;51;2010;9
436924;Nosotras que nos queremos tanto;7;53;1999;0
537965;Notas de prensa;104;83;1994;5
984268;Notas de un concierto europeo;206;51;2013;4
225802;Noticia de un secuestro;104;83;1994;7
577676;La novela de Galvarino y Elena;426;52;1998;3
110187;Novela de Navidad;119;88;1995;3
55479;La novela de una momia;427;10;2004;8
415631;La novela hispanoamericana;428;40;2008;1
527524;Nueva Antología personal;242;79;2010;2
371486;Nueve Cuentos;271;5;1999;10
963616;Nueve semanas y media;429;86;1999;1
843936;Nuevos Cuentos eróticos;11;44;1996;7
988251;Nunca seré como te quiero;430;74;1994;0
390513;Obra poetica;431;88;1991;7
38099;Obras escogidas;23;10;2007;5
821930;Obsceno pájaro de la noche;80;76;1995;4
81258;Odas elementales;12;67;2010;9
855484;La odisea;314;10;1996;4
321737;Oír su voz;432;67;1990;4
29336;El ojo mágico 2;11;29;2002;3
400070;Ojos de perro azul;104;83;1991;5
92400;Los ojos verdes;433;68;1998;6
245808;Olivia no quiere bañarse;434;74;2011;10
341231;Operación rescate;435;74;2004;5
81995;Operación yogur;436;8;2000;3
14740;El orgullo del espíritu;437;45;2009;4
462017;El oro de los locos;232;74;2005;4
326811;Oriente, Occidente;438;68;2004;6
999984;Origen y futuro de una pasion;439;51;2010;10
456114;Orígenes del cine en México;440;40;2001;1
816641;El otoño del patriarca;104;83;1997;6
930380;La ovejita negra;441;40;1995;5
183302;Las palabras mágicas;442;74;1990;7
802852;La paciente impaciente;443;22;1996;1
49434;El paciente ingles;444;68;2008;8
693310;Padre-cosa;445;57;2008;2
279939;Pajaflor;446;10;2012;4
108494;El pájaro;34;74;2011;3
907707;Palacio del deseo;37;3;2012;6
236279;El palacio de la luna;351;7;2013;5
19166;El pampinoplas;403;74;1994;3
523863;El pan de los años mozos;447;10;1996;4
157458;Pantaleon y las visitadoras;84;76;1996;1
204843;Papa cocina;374;88;2003;3
178467;Papá ya no vive con nosotros;448;74;2008;10
913323;Papelucho;412;88;2006;0
616365;Papelucho casi huérfano;412;88;1996;4
972423;Papelucho detective;412;88;2007;1
459159;Papelucho en la clínica;412;88;2009;8
500134;Papelucho en vacaciones;412;88;2003;5
798624;Papelucho historiador;412;88;1999;1
755298;Papelucho mi hermana Ji;412;88;2001;9
553026;Papelucho mi hermano hippie;412;88;1995;3
597865;Papelucho misionero;412;88;2012;0
160585;Papelucho perdido;412;88;1999;1
834413;Papelucho soy dixleso;412;88;2009;6
123748;Papelucho y el marciano;412;88;1991;4
294624;Para que no me olvides;7;53;2008;6
670983;Paradiso;449;88;1992;5
876430;El paraíso tres veces al día;450;67;1991;3
591370;Parejas de trapo;451;88;2008;10
310074;Paris 1924-1933;452;88;1999;9
625576;París era una fiesta;453;76;1990;10
828850;Parque Jurásico;454;34;2011;5
260656;La pasion turca;455;67;2008;8
640370;Los pasos perdidos;23;10;1999;5
407986;La pata patana;456;74;1993;0
199134;Patagonia express;190;86;1995;9
689915;Patatita;457;74;1995;4
935785;El pato Renato;209;10;2011;9
148568;La patrulla de Stalingrado;262;67;1990;8
756140;Paul Klee;458;84;2009;8
31574;Paul Mac Cartney;459;29;2004;3
656629;Paula;81;83;2001;8
267944;Los pecosos;412;88;2001;10
671172;Pedro páramo / El llano en llamas;460;67;2011;6
163108;El pequeño Nicolas;461;4;2000;10
458184;Pequeños Cuentos misóginos;83;5;2003;7
473677;La pérdida del tiempo;462;67;2002;6
300505;El perfume;301;76;2004;1
462050;Perico trepa por Chile;412;88;2002;2
80310;El períodico de Roma;463;25;2001;6
517048;Perramus ;464;25;2002;8
125295;Perro tiene sed;465;40;1994;4
623176;El peso de la droga;466;42;2002;7
951737;La peste;231;10;1991;7
369515;El pez en el agua;84;76;2008;1
944771;Piazza d'Italia;467;7;2011;2
546817;Picasso;468;84;2011;2
926515;El pino de la colina;408;74;2002;2
665348;Pinocho con botas;469;40;1996;2
285294;Pipeto, el monito rosado;470;74;2003;7
606619;El pirata;145;5;1994;8
935709;El pirata Garrapata;245;74;1991;3
21774;La pista de hielo;359;67;2006;1
845346;El plan infinito;81;83;2010;7
529392;Platero y yo;471;10;1990;9
994922;La playa de los alacranes;472;67;1995;8
968046;El poder de Henry: el ojo mágico;473;29;2007;4
684559;El poema de Mío Cid;337;88;2013;6
903524;Poemas de amor de Pablo Neruda;372;88;2002;0
775867;Poemas de otros;52;76;1995;6
979205;Poemas para combatir la calvicie;474;40;2000;5
421833;Poemas sociales, de guerra y de muerte;475;5;1996;1
483780;Poemas y antipoemas;474;17;1994;5
424018;Poesía;390;5;2011;5
188291;Poesía de consumo;476;74;2012;9
648882;Poesía popular, cuecas choras y la Negra Ester;477;40;2000;0
646808;Poeta en Nueva York;478;17;2003;10
510927;La poética de la ensoñación;479;41;1993;7
496959;El polizón de la Santa María;171;10;2006;4
918773;El ponche de los deseos;303;74;2012;1
144994;Popol-Vuh;337;40;2000;2
793102;Por arte de magia;480;74;1992;7
96808;Por favor rebobinar;373;67;1998;7
608078;Por no matar al general;481;67;2003;2
295634;Por quien doblan las campanas;453;10;1991;10
925675;Por un maldito anuncio;368;74;2013;4
485867;Por una muerte sin lágrimas;482;42;2009;5
352228;Los premios;24;83;1999;0
3347;Primavera con una esquina rota;52;76;2008;7
908684;El primer hombre;231;86;2001;1
269926;La princesa peleona;265;8;2002;0
378278;La princesa y el pirata;442;40;2010;3
880451;El príncipe Caspian;58;10;1998;9
980371;El principito;483;5;2009;10
430576;La promesa;484;34;2000;6
948150;Prosa completa;485;17;2005;4
443654;Los puentes de Madison;486;14;1990;6
251777;Puerto libre;25;67;1991;2
689566;Pulp fiction;487;61;1995;7
494874;Qué raros son los mayores;488;74;2004;0
37984;Que viene el coco;63;74;1998;0
349683;Los que vigilan desde el tiempo;218;5;2006;4
139153;Querida abuela, tu Susi;345;74;1990;3
807868;Querido y remoto muchacho;225;54;2005;2
570007;Quien mato a Cristian Kusterman;49;67;1997;7
635567;Quien se ha llevado su sueño;63;74;2003;10
299769;Quien tiene miedo a la bruja;489;8;2011;2
575223;Quinteto de Buenos Aires;490;67;2005;3
229774;La rana solitaria;343;4;2002;9
298425;Rayuela;24;83;2002;6
920646;La reina Isabel cantaba rancheras;491;67;1990;10
743330;La reina Margot;492;29;2007;8
16130;La reina pirata;493;74;2000;0
223069;El reino de este mundo;23;10;2003;4
826779;Relato de un naufrago;104;83;1997;5
594826;Relatos de poder;140;40;2008;6
468103;Relatos y resacas;11;67;2009;7
225418;Las religiones;494;42;2000;10
985691;El reloj mecánico;495;45;1990;2
919854;Remedios para el desamor;2;85;2003;1
287170;Rena en el siglo 40 ;340;23;2004;8
939551;La república;496;24;2000;0
674174;Residencia en la tierra;12;88;2012;9
461336;El retrato de Dorian Gray;261;10;2001;9
628688;Retrato de un artista adolescente;497;71;2000;0
660231;Rimbaud en Abisinia;498;40;2002;10
118693;Robinson Crusoe;499;10;1994;5
388416;Los robots y el imperio;251;34;2008;10
293187;Rock en tiempo de amor;500;88;1998;8
46364;Rockeros celestes;41;10;2008;8
337609;Romancero gitano;14;10;2008;0
158531;Romeo y Julieta;279;88;2003;5
178497;Rosalinde;345;4;2008;8
596932;El roto;97;88;2011;1
56881;Rousseau;501;84;2003;5
691241;El sabueso de los Baskerville;107;5;1990;7
222655;La sagacidad del Padre Brown;502;5;2005;5
278953;Salidas de madre;11;67;2002;7
700820;Salmones y truchas;386;58;2000;7
613793;Salome;261;10;1990;9
246500;Saltad todos !;503;74;1996;2
35792;Sanar el corazón;504;90;1992;6
36148;Sangre azul;62;35;2013;8
409310;Santiago cero;364;76;2006;3
494193;El Santiago que se fue;243;44;1997;6
839778;El sapo ronco;505;10;1991;4
662953;El sapo y la rana;506;10;2000;1
10259;Se anuncia un asesinato;112;67;2010;9
706453;El secreto de la arboleda;507;74;2001;8
495799;El secreto de Lena;303;74;1990;8
395648;Los secretos de Catita;412;88;1992;1
358146;Segunda fundación;251;4;2000;6
641431;La selva;34;74;2013;5
926547;Las selvas;508;74;2005;1
26853;La senda del perdedor;235;7;1990;2
487521;Señor con pollo en la puerta;509;51;2008;10
746708;El señor de las moscas;510;5;2004;2
486486;El señor de los anillos, I,II,III;172;60;1991;2
927577;El señor que aparece de espaldas;511;4;2010;8
215556;La señorita Kitty;512;67;2005;2
896558;La señorita Perla;48;10;1994;10
216054;Siete días de la señora K;513;67;1994;3
578280;Las siete iniciaciones;514;34;2007;7
479431;Las siete leyes espirituales para padres;504;62;2000;1
511781;Los signos del zodíaco;515;34;1990;8
194029;Silencios;516;88;1998;3
616679;La silla de plata;58;10;2007;0
860045;El Silmarillion;172;60;1994;0
562743;Sobre héroes y tumbas;225;76;1999;3
708034;Sobredosis;373;67;2003;6
778596;El sobrino del mago;58;10;2013;8
621015;La sociedad global;517;51;1999;2
688979;El socio;518;10;2012;9
456486;El socio;348;62;1996;10
512830;Sofía de los presagios;409;89;2006;5
55829;El soldadito rojo;412;88;2012;1
306722;Solo de saxo;407;44;1995;10
708797;La sombra tras el muro;387;56;2008;1
480150;Sombras de un pasado;21;44;1992;5
616031;Soñar en cubano;519;39;2001;7
112794;La sorprendente Isla de Pascua;520;74;2000;1
279114;Sostiene Pereira;467;7;1996;6
237336;Soy de la Plaza Italia;521;53;1990;5
326186;Los subterráneos;216;7;2007;9
161480;Sudor;60;5;2001;4
309616;Suelta el globo;522;74;2004;4
688730;Sueño con la paz;11;13;1993;9
421787;El sueño de mi padre;523;67;2010;0
670645;Sueños de mala muerte;80;88;1995;0
388300;Supergato;524;74;2011;1
562070;Tanit;525;74;1997;9
557319;El tarot;526;89;2004;0
84679;Tartufo;527;88;1994;0
451460;Teatro chileno contemporáneo;11;40;2001;6
291890;La telaraña;528;40;2008;0
106817;El temblor de la falsificación;83;5;1998;4
765120;La temible niñasaurio;529;74;2009;6
576644;El témpano Kanasaka;263;88;1999;3
413944;El tercer hombre;530;10;1993;8
657774;Teresa Wilms-Montt;531;44;2009;2
801025;Terror en Winnipeg;532;74;1999;9
817008;El tesoro del molino viejo;533;74;1999;3
171638;La tía Julia y el escribidor;84;76;2000;1
739631;El tiempo;34;74;2005;3
781831;Tiempo que ladra;513;67;1999;6
434587;Tinta roja;373;4;1997;3
676581;Tócala otra vez;534;29;2013;8
765337;Toda esa gente insoportable;535;24;2010;1
361606;Toda la obra;460;88;2006;9
376007;Todos los cuentos;170;88;2008;0
327990;Todos los fuegos, el fuego;24;62;2012;3
59278;Los trabajadores de la muerte;536;67;1994;2
975392;Tradiciones peruanas;537;88;1995;10
768732;Traficantes & lavadores;538;44;1993;4
597407;Traficantes de belleza;62;76;1994;1
185843;El traje del emperador;539;88;1998;0
861338;Los trasplantados;540;10;2001;0
524452;La travesía del explorador del amanecer;58;10;1995;1
340020;Travesuras y aventuras;110;10;2011;2
883143;Trece casos misteriosos;171;10;1996;4
319971;La tregua;52;66;1996;5
184982;Los tres mosqueteros I;492;10;1993;6
289550;Los tres mosqueteros II;492;10;2012;7
506773;Tres comedias;279;88;2010;4
614139;La tribu de la tierra;541;29;2011;1
244231;La tribu del fuego;541;29;1992;8
137613;La tribu del lobo;541;29;2006;10
122691;La trilogía de Nueva York;351;7;1993;7
957222;Truman Capote;542;29;2000;4
428903;Tu hijo;132;90;2009;7
291093;El túnel;225;17;1999;0
528904;Tus zonas erróneas;543;44;1997;7
558339;La ultima niebla / La amortajada;296;88;1990;4
320709;El ultimo mohicano;544;10;2004;7
486876;El último suspiro del moro;438;68;1996;1
481012;Ultimos poemas;545;51;1993;3
972160;Un barco cargado de cuentos;11;74;1998;5
880896;Un cadáver en la biblioteca;112;67;1997;8
839927;Un duende a rayas;546;74;2006;3
935845;Un embrujo de cinco siglos;456;10;1992;9
26961;Un gato en el palomar;112;67;2000;10
909733;Un grito desesperado;335;21;1992;9
826258;Un montón de bebés;547;40;2004;7
107590;Un montón de unicornios;47;74;2000;4
830339;Un muchacho del siglo veinte;206;83;2009;2
71042;Un mundo feliz;548;69;2012;5
825342;Un puñado de semillas;549;78;2001;4
121894;Un viejo que leía novelas de amor;423;86;1995;4
442168;Una aguja y un dedal;167;10;2011;1
272689;Una casa vacía;405;4;2013;0
376499;Una cuestión personal;550;7;1998;0
516683;Una habitación propia;551;76;1997;0
688875;Una niña llamada Ernestina;552;88;2012;3
754513;El universo de los aztecas;553;73;2007;9
51054;Usted puede sanar su vida;554;34;1998;1
713578;Uti-Tanka, pequeño bisonte;232;74;2007;1
682128;Vaca sagrada;536;67;1993;7
254297;Las vacaciones del mayor ;555;25;2003;5
650673;Valdano: cuentos de fútbol;556;2;2007;1
554191;El valor de educar;557;11;2002;8
864221;Valparaíso ciudad del viento;97;88;1990;2
318722;Vamos a cazar un oso;558;32;2000;6
513677;Van Gogh;78;84;2013;2
603352;Vecina amable;327;10;2005;1
847259;Veinte mil leguas de viaje submarino;185;10;1993;2
707671;Veinte poemas de amor;12;67;2002;1
107943;El velero rojo;559;74;2012;0
606568;La venganza de Nofret;112;67;1997;8
41983;Venus en el pudridero;560;88;2003;4
823374;La verdad sobre los Incas;30;43;1994;8
30176;El viaducto;41;67;2002;6
427017;Viaje al centro de la tierra;185;5;1997;2
35704;El viaje de los argonautas;561;10;2011;7
223007;El viaje de los hijos de la sombra;562;74;1997;0
571910;Viajes;563;88;1994;1
580145;Viajes al otro mundo;218;5;1998;9
141607;Viajes de Marco Polo;564;88;2009;1
689036;El vicario que hablaba al revés;267;74;1993;6
805084;Vida acuática;174;74;1995;0
433829;Vida de Chaplin;378;40;1990;7
225468;La vida de las hormigas;565;74;2005;5
946511;La vida diaria de los romanos;566;74;2002;9
744252;La vida es sueño;567;10;2008;3
770098;El viejo y el mar;453;67;2000;2
582850;El viejo y el niño;568;10;2013;8
585648;Los vigilantes;536;83;1995;4
554674;Las vírgenes del paraíso;21;44;2004;6
848327;Visto y no visto;569;45;2010;6
613395;Vivir en pareja;570;35;2012;8
900482;Vivir no es nada nuevo;571;4;2010;8
147207;Volar sobre el pantano;335;21;1990;0
560026;Voy a vivirme;206;23;2001;5
638431;Voy y vuelvo;572;66;1993;1
388742;Wakefield y otros Cuentos;573;5;1995;8
130863;Warhol;574;84;2002;5
970921;Waslala;409;89;1999;8
247940;Wild Palms ;575;25;2002;0
399524;Willy el mago;64;40;2008;7
880715;Woody Allen;576;29;2006;7
933247;Woody Allen en imágenes y palabras;577;25;2004;1
309524;El zarapito plateado;578;74;1996;3
514233;El zoo se va de viaje;236;74;1998;9
931763;Zoológico;64;40;2012;6
912686;El zorro de arriba y el zorro de abajo;579;88;2011;4
